"time","m","island_clado","island_ex","island_k","island_immig","island_ana","mainland_ex","mainland_sample_prob","replicates"
5,100,0.5,0.5,0.5,0.01,10,0,0.7,1000
5,500,0.5,0.5,0.5,0.01,10,0,0.7,1000
5,1000,0.5,0.5,0.5,0.01,10,0,0.7,1000
5,100,1,0.5,0.5,0.01,10,0,0.7,1000
5,500,1,0.5,0.5,0.01,10,0,0.7,1000
5,1000,1,0.5,0.5,0.01,10,0,0.7,1000
5,100,0.5,1,0.5,0.01,10,0,0.7,1000
5,500,0.5,1,0.5,0.01,10,0,0.7,1000
5,1000,0.5,1,0.5,0.01,10,0,0.7,1000
5,100,1,1,0.5,0.01,10,0,0.7,1000
5,500,1,1,0.5,0.01,10,0,0.7,1000
5,1000,1,1,0.5,0.01,10,0,0.7,1000
5,100,0.5,0.5,1,0.01,10,0,0.7,1000
5,500,0.5,0.5,1,0.01,10,0,0.7,1000
5,1000,0.5,0.5,1,0.01,10,0,0.7,1000
5,100,1,0.5,1,0.01,10,0,0.7,1000
5,500,1,0.5,1,0.01,10,0,0.7,1000
5,1000,1,0.5,1,0.01,10,0,0.7,1000
5,100,0.5,1,1,0.01,10,0,0.7,1000
5,500,0.5,1,1,0.01,10,0,0.7,1000
5,1000,0.5,1,1,0.01,10,0,0.7,1000
5,100,1,1,1,0.01,10,0,0.7,1000
5,500,1,1,1,0.01,10,0,0.7,1000
5,1000,1,1,1,0.01,10,0,0.7,1000
5,100,0.5,0.5,0.5,0.01,Inf,0,0.7,1000
5,500,0.5,0.5,0.5,0.01,Inf,0,0.7,1000
5,1000,0.5,0.5,0.5,0.01,Inf,0,0.7,1000
5,100,1,0.5,0.5,0.01,Inf,0,0.7,1000
5,500,1,0.5,0.5,0.01,Inf,0,0.7,1000
5,1000,1,0.5,0.5,0.01,Inf,0,0.7,1000
5,100,0.5,1,0.5,0.01,Inf,0,0.7,1000
5,500,0.5,1,0.5,0.01,Inf,0,0.7,1000
5,1000,0.5,1,0.5,0.01,Inf,0,0.7,1000
5,100,1,1,0.5,0.01,Inf,0,0.7,1000
5,500,1,1,0.5,0.01,Inf,0,0.7,1000
5,1000,1,1,0.5,0.01,Inf,0,0.7,1000
5,100,0.5,0.5,1,0.01,Inf,0,0.7,1000
5,500,0.5,0.5,1,0.01,Inf,0,0.7,1000
5,1000,0.5,0.5,1,0.01,Inf,0,0.7,1000
5,100,1,0.5,1,0.01,Inf,0,0.7,1000
5,500,1,0.5,1,0.01,Inf,0,0.7,1000
5,1000,1,0.5,1,0.01,Inf,0,0.7,1000
5,100,0.5,1,1,0.01,Inf,0,0.7,1000
5,500,0.5,1,1,0.01,Inf,0,0.7,1000
5,1000,0.5,1,1,0.01,Inf,0,0.7,1000
5,100,1,1,1,0.01,Inf,0,0.7,1000
5,500,1,1,1,0.01,Inf,0,0.7,1000
5,1000,1,1,1,0.01,Inf,0,0.7,1000
5,100,0.5,0.5,0.5,0.01,10,0.1,0.7,1000
5,500,0.5,0.5,0.5,0.01,10,0.1,0.7,1000
5,1000,0.5,0.5,0.5,0.01,10,0.1,0.7,1000
5,100,1,0.5,0.5,0.01,10,0.1,0.7,1000
5,500,1,0.5,0.5,0.01,10,0.1,0.7,1000
5,1000,1,0.5,0.5,0.01,10,0.1,0.7,1000
5,100,0.5,1,0.5,0.01,10,0.1,0.7,1000
5,500,0.5,1,0.5,0.01,10,0.1,0.7,1000
5,1000,0.5,1,0.5,0.01,10,0.1,0.7,1000
5,100,1,1,0.5,0.01,10,0.1,0.7,1000
5,500,1,1,0.5,0.01,10,0.1,0.7,1000
5,1000,1,1,0.5,0.01,10,0.1,0.7,1000
5,100,0.5,0.5,1,0.01,10,0.1,0.7,1000
5,500,0.5,0.5,1,0.01,10,0.1,0.7,1000
5,1000,0.5,0.5,1,0.01,10,0.1,0.7,1000
5,100,1,0.5,1,0.01,10,0.1,0.7,1000
5,500,1,0.5,1,0.01,10,0.1,0.7,1000
5,1000,1,0.5,1,0.01,10,0.1,0.7,1000
5,100,0.5,1,1,0.01,10,0.1,0.7,1000
5,500,0.5,1,1,0.01,10,0.1,0.7,1000
5,1000,0.5,1,1,0.01,10,0.1,0.7,1000
5,100,1,1,1,0.01,10,0.1,0.7,1000
5,500,1,1,1,0.01,10,0.1,0.7,1000
5,1000,1,1,1,0.01,10,0.1,0.7,1000
5,100,0.5,0.5,0.5,0.01,Inf,0.1,0.7,1000
5,500,0.5,0.5,0.5,0.01,Inf,0.1,0.7,1000
5,1000,0.5,0.5,0.5,0.01,Inf,0.1,0.7,1000
5,100,1,0.5,0.5,0.01,Inf,0.1,0.7,1000
5,500,1,0.5,0.5,0.01,Inf,0.1,0.7,1000
5,1000,1,0.5,0.5,0.01,Inf,0.1,0.7,1000
5,100,0.5,1,0.5,0.01,Inf,0.1,0.7,1000
5,500,0.5,1,0.5,0.01,Inf,0.1,0.7,1000
5,1000,0.5,1,0.5,0.01,Inf,0.1,0.7,1000
5,100,1,1,0.5,0.01,Inf,0.1,0.7,1000
5,500,1,1,0.5,0.01,Inf,0.1,0.7,1000
5,1000,1,1,0.5,0.01,Inf,0.1,0.7,1000
5,100,0.5,0.5,1,0.01,Inf,0.1,0.7,1000
5,500,0.5,0.5,1,0.01,Inf,0.1,0.7,1000
5,1000,0.5,0.5,1,0.01,Inf,0.1,0.7,1000
5,100,1,0.5,1,0.01,Inf,0.1,0.7,1000
5,500,1,0.5,1,0.01,Inf,0.1,0.7,1000
5,1000,1,0.5,1,0.01,Inf,0.1,0.7,1000
5,100,0.5,1,1,0.01,Inf,0.1,0.7,1000
5,500,0.5,1,1,0.01,Inf,0.1,0.7,1000
5,1000,0.5,1,1,0.01,Inf,0.1,0.7,1000
5,100,1,1,1,0.01,Inf,0.1,0.7,1000
5,500,1,1,1,0.01,Inf,0.1,0.7,1000
5,1000,1,1,1,0.01,Inf,0.1,0.7,1000
5,100,0.5,0.5,0.5,0.01,10,0.3,0.7,1000
5,500,0.5,0.5,0.5,0.01,10,0.3,0.7,1000
5,1000,0.5,0.5,0.5,0.01,10,0.3,0.7,1000
5,100,1,0.5,0.5,0.01,10,0.3,0.7,1000
5,500,1,0.5,0.5,0.01,10,0.3,0.7,1000
5,1000,1,0.5,0.5,0.01,10,0.3,0.7,1000
5,100,0.5,1,0.5,0.01,10,0.3,0.7,1000
5,500,0.5,1,0.5,0.01,10,0.3,0.7,1000
5,1000,0.5,1,0.5,0.01,10,0.3,0.7,1000
5,100,1,1,0.5,0.01,10,0.3,0.7,1000
5,500,1,1,0.5,0.01,10,0.3,0.7,1000
5,1000,1,1,0.5,0.01,10,0.3,0.7,1000
5,100,0.5,0.5,1,0.01,10,0.3,0.7,1000
5,500,0.5,0.5,1,0.01,10,0.3,0.7,1000
5,1000,0.5,0.5,1,0.01,10,0.3,0.7,1000
5,100,1,0.5,1,0.01,10,0.3,0.7,1000
5,500,1,0.5,1,0.01,10,0.3,0.7,1000
5,1000,1,0.5,1,0.01,10,0.3,0.7,1000
5,100,0.5,1,1,0.01,10,0.3,0.7,1000
5,500,0.5,1,1,0.01,10,0.3,0.7,1000
5,1000,0.5,1,1,0.01,10,0.3,0.7,1000
5,100,1,1,1,0.01,10,0.3,0.7,1000
5,500,1,1,1,0.01,10,0.3,0.7,1000
5,1000,1,1,1,0.01,10,0.3,0.7,1000
5,100,0.5,0.5,0.5,0.01,Inf,0.3,0.7,1000
5,500,0.5,0.5,0.5,0.01,Inf,0.3,0.7,1000
5,1000,0.5,0.5,0.5,0.01,Inf,0.3,0.7,1000
5,100,1,0.5,0.5,0.01,Inf,0.3,0.7,1000
5,500,1,0.5,0.5,0.01,Inf,0.3,0.7,1000
5,1000,1,0.5,0.5,0.01,Inf,0.3,0.7,1000
5,100,0.5,1,0.5,0.01,Inf,0.3,0.7,1000
5,500,0.5,1,0.5,0.01,Inf,0.3,0.7,1000
5,1000,0.5,1,0.5,0.01,Inf,0.3,0.7,1000
5,100,1,1,0.5,0.01,Inf,0.3,0.7,1000
5,500,1,1,0.5,0.01,Inf,0.3,0.7,1000
5,1000,1,1,0.5,0.01,Inf,0.3,0.7,1000
5,100,0.5,0.5,1,0.01,Inf,0.3,0.7,1000
5,500,0.5,0.5,1,0.01,Inf,0.3,0.7,1000
5,1000,0.5,0.5,1,0.01,Inf,0.3,0.7,1000
5,100,1,0.5,1,0.01,Inf,0.3,0.7,1000
5,500,1,0.5,1,0.01,Inf,0.3,0.7,1000
5,1000,1,0.5,1,0.01,Inf,0.3,0.7,1000
5,100,0.5,1,1,0.01,Inf,0.3,0.7,1000
5,500,0.5,1,1,0.01,Inf,0.3,0.7,1000
5,1000,0.5,1,1,0.01,Inf,0.3,0.7,1000
5,100,1,1,1,0.01,Inf,0.3,0.7,1000
5,500,1,1,1,0.01,Inf,0.3,0.7,1000
5,1000,1,1,1,0.01,Inf,0.3,0.7,1000
5,100,0.5,0.5,0.5,0.01,10,0.5,0.7,1000
5,500,0.5,0.5,0.5,0.01,10,0.5,0.7,1000
5,1000,0.5,0.5,0.5,0.01,10,0.5,0.7,1000
5,100,1,0.5,0.5,0.01,10,0.5,0.7,1000
5,500,1,0.5,0.5,0.01,10,0.5,0.7,1000
5,1000,1,0.5,0.5,0.01,10,0.5,0.7,1000
5,100,0.5,1,0.5,0.01,10,0.5,0.7,1000
5,500,0.5,1,0.5,0.01,10,0.5,0.7,1000
5,1000,0.5,1,0.5,0.01,10,0.5,0.7,1000
5,100,1,1,0.5,0.01,10,0.5,0.7,1000
5,500,1,1,0.5,0.01,10,0.5,0.7,1000
5,1000,1,1,0.5,0.01,10,0.5,0.7,1000
5,100,0.5,0.5,1,0.01,10,0.5,0.7,1000
5,500,0.5,0.5,1,0.01,10,0.5,0.7,1000
5,1000,0.5,0.5,1,0.01,10,0.5,0.7,1000
5,100,1,0.5,1,0.01,10,0.5,0.7,1000
5,500,1,0.5,1,0.01,10,0.5,0.7,1000
5,1000,1,0.5,1,0.01,10,0.5,0.7,1000
5,100,0.5,1,1,0.01,10,0.5,0.7,1000
5,500,0.5,1,1,0.01,10,0.5,0.7,1000
5,1000,0.5,1,1,0.01,10,0.5,0.7,1000
5,100,1,1,1,0.01,10,0.5,0.7,1000
5,500,1,1,1,0.01,10,0.5,0.7,1000
5,1000,1,1,1,0.01,10,0.5,0.7,1000
5,100,0.5,0.5,0.5,0.01,Inf,0.5,0.7,1000
5,500,0.5,0.5,0.5,0.01,Inf,0.5,0.7,1000
5,1000,0.5,0.5,0.5,0.01,Inf,0.5,0.7,1000
5,100,1,0.5,0.5,0.01,Inf,0.5,0.7,1000
5,500,1,0.5,0.5,0.01,Inf,0.5,0.7,1000
5,1000,1,0.5,0.5,0.01,Inf,0.5,0.7,1000
5,100,0.5,1,0.5,0.01,Inf,0.5,0.7,1000
5,500,0.5,1,0.5,0.01,Inf,0.5,0.7,1000
5,1000,0.5,1,0.5,0.01,Inf,0.5,0.7,1000
5,100,1,1,0.5,0.01,Inf,0.5,0.7,1000
5,500,1,1,0.5,0.01,Inf,0.5,0.7,1000
5,1000,1,1,0.5,0.01,Inf,0.5,0.7,1000
5,100,0.5,0.5,1,0.01,Inf,0.5,0.7,1000
5,500,0.5,0.5,1,0.01,Inf,0.5,0.7,1000
5,1000,0.5,0.5,1,0.01,Inf,0.5,0.7,1000
5,100,1,0.5,1,0.01,Inf,0.5,0.7,1000
5,500,1,0.5,1,0.01,Inf,0.5,0.7,1000
5,1000,1,0.5,1,0.01,Inf,0.5,0.7,1000
5,100,0.5,1,1,0.01,Inf,0.5,0.7,1000
5,500,0.5,1,1,0.01,Inf,0.5,0.7,1000
5,1000,0.5,1,1,0.01,Inf,0.5,0.7,1000
5,100,1,1,1,0.01,Inf,0.5,0.7,1000
5,500,1,1,1,0.01,Inf,0.5,0.7,1000
5,1000,1,1,1,0.01,Inf,0.5,0.7,1000
5,100,0.5,0.5,0.5,0.01,10,0,0.8,1000
5,500,0.5,0.5,0.5,0.01,10,0,0.8,1000
5,1000,0.5,0.5,0.5,0.01,10,0,0.8,1000
5,100,1,0.5,0.5,0.01,10,0,0.8,1000
5,500,1,0.5,0.5,0.01,10,0,0.8,1000
5,1000,1,0.5,0.5,0.01,10,0,0.8,1000
5,100,0.5,1,0.5,0.01,10,0,0.8,1000
5,500,0.5,1,0.5,0.01,10,0,0.8,1000
5,1000,0.5,1,0.5,0.01,10,0,0.8,1000
5,100,1,1,0.5,0.01,10,0,0.8,1000
5,500,1,1,0.5,0.01,10,0,0.8,1000
5,1000,1,1,0.5,0.01,10,0,0.8,1000
5,100,0.5,0.5,1,0.01,10,0,0.8,1000
5,500,0.5,0.5,1,0.01,10,0,0.8,1000
5,1000,0.5,0.5,1,0.01,10,0,0.8,1000
5,100,1,0.5,1,0.01,10,0,0.8,1000
5,500,1,0.5,1,0.01,10,0,0.8,1000
5,1000,1,0.5,1,0.01,10,0,0.8,1000
5,100,0.5,1,1,0.01,10,0,0.8,1000
5,500,0.5,1,1,0.01,10,0,0.8,1000
5,1000,0.5,1,1,0.01,10,0,0.8,1000
5,100,1,1,1,0.01,10,0,0.8,1000
5,500,1,1,1,0.01,10,0,0.8,1000
5,1000,1,1,1,0.01,10,0,0.8,1000
5,100,0.5,0.5,0.5,0.01,Inf,0,0.8,1000
5,500,0.5,0.5,0.5,0.01,Inf,0,0.8,1000
5,1000,0.5,0.5,0.5,0.01,Inf,0,0.8,1000
5,100,1,0.5,0.5,0.01,Inf,0,0.8,1000
5,500,1,0.5,0.5,0.01,Inf,0,0.8,1000
5,1000,1,0.5,0.5,0.01,Inf,0,0.8,1000
5,100,0.5,1,0.5,0.01,Inf,0,0.8,1000
5,500,0.5,1,0.5,0.01,Inf,0,0.8,1000
5,1000,0.5,1,0.5,0.01,Inf,0,0.8,1000
5,100,1,1,0.5,0.01,Inf,0,0.8,1000
5,500,1,1,0.5,0.01,Inf,0,0.8,1000
5,1000,1,1,0.5,0.01,Inf,0,0.8,1000
5,100,0.5,0.5,1,0.01,Inf,0,0.8,1000
5,500,0.5,0.5,1,0.01,Inf,0,0.8,1000
5,1000,0.5,0.5,1,0.01,Inf,0,0.8,1000
5,100,1,0.5,1,0.01,Inf,0,0.8,1000
5,500,1,0.5,1,0.01,Inf,0,0.8,1000
5,1000,1,0.5,1,0.01,Inf,0,0.8,1000
5,100,0.5,1,1,0.01,Inf,0,0.8,1000
5,500,0.5,1,1,0.01,Inf,0,0.8,1000
5,1000,0.5,1,1,0.01,Inf,0,0.8,1000
5,100,1,1,1,0.01,Inf,0,0.8,1000
5,500,1,1,1,0.01,Inf,0,0.8,1000
5,1000,1,1,1,0.01,Inf,0,0.8,1000
5,100,0.5,0.5,0.5,0.01,10,0.1,0.8,1000
5,500,0.5,0.5,0.5,0.01,10,0.1,0.8,1000
5,1000,0.5,0.5,0.5,0.01,10,0.1,0.8,1000
5,100,1,0.5,0.5,0.01,10,0.1,0.8,1000
5,500,1,0.5,0.5,0.01,10,0.1,0.8,1000
5,1000,1,0.5,0.5,0.01,10,0.1,0.8,1000
5,100,0.5,1,0.5,0.01,10,0.1,0.8,1000
5,500,0.5,1,0.5,0.01,10,0.1,0.8,1000
5,1000,0.5,1,0.5,0.01,10,0.1,0.8,1000
5,100,1,1,0.5,0.01,10,0.1,0.8,1000
5,500,1,1,0.5,0.01,10,0.1,0.8,1000
5,1000,1,1,0.5,0.01,10,0.1,0.8,1000
5,100,0.5,0.5,1,0.01,10,0.1,0.8,1000
5,500,0.5,0.5,1,0.01,10,0.1,0.8,1000
5,1000,0.5,0.5,1,0.01,10,0.1,0.8,1000
5,100,1,0.5,1,0.01,10,0.1,0.8,1000
5,500,1,0.5,1,0.01,10,0.1,0.8,1000
5,1000,1,0.5,1,0.01,10,0.1,0.8,1000
5,100,0.5,1,1,0.01,10,0.1,0.8,1000
5,500,0.5,1,1,0.01,10,0.1,0.8,1000
5,1000,0.5,1,1,0.01,10,0.1,0.8,1000
5,100,1,1,1,0.01,10,0.1,0.8,1000
5,500,1,1,1,0.01,10,0.1,0.8,1000
5,1000,1,1,1,0.01,10,0.1,0.8,1000
5,100,0.5,0.5,0.5,0.01,Inf,0.1,0.8,1000
5,500,0.5,0.5,0.5,0.01,Inf,0.1,0.8,1000
5,1000,0.5,0.5,0.5,0.01,Inf,0.1,0.8,1000
5,100,1,0.5,0.5,0.01,Inf,0.1,0.8,1000
5,500,1,0.5,0.5,0.01,Inf,0.1,0.8,1000
5,1000,1,0.5,0.5,0.01,Inf,0.1,0.8,1000
5,100,0.5,1,0.5,0.01,Inf,0.1,0.8,1000
5,500,0.5,1,0.5,0.01,Inf,0.1,0.8,1000
5,1000,0.5,1,0.5,0.01,Inf,0.1,0.8,1000
5,100,1,1,0.5,0.01,Inf,0.1,0.8,1000
5,500,1,1,0.5,0.01,Inf,0.1,0.8,1000
5,1000,1,1,0.5,0.01,Inf,0.1,0.8,1000
5,100,0.5,0.5,1,0.01,Inf,0.1,0.8,1000
5,500,0.5,0.5,1,0.01,Inf,0.1,0.8,1000
5,1000,0.5,0.5,1,0.01,Inf,0.1,0.8,1000
5,100,1,0.5,1,0.01,Inf,0.1,0.8,1000
5,500,1,0.5,1,0.01,Inf,0.1,0.8,1000
5,1000,1,0.5,1,0.01,Inf,0.1,0.8,1000
5,100,0.5,1,1,0.01,Inf,0.1,0.8,1000
5,500,0.5,1,1,0.01,Inf,0.1,0.8,1000
5,1000,0.5,1,1,0.01,Inf,0.1,0.8,1000
5,100,1,1,1,0.01,Inf,0.1,0.8,1000
5,500,1,1,1,0.01,Inf,0.1,0.8,1000
5,1000,1,1,1,0.01,Inf,0.1,0.8,1000
5,100,0.5,0.5,0.5,0.01,10,0.3,0.8,1000
5,500,0.5,0.5,0.5,0.01,10,0.3,0.8,1000
5,1000,0.5,0.5,0.5,0.01,10,0.3,0.8,1000
5,100,1,0.5,0.5,0.01,10,0.3,0.8,1000
5,500,1,0.5,0.5,0.01,10,0.3,0.8,1000
5,1000,1,0.5,0.5,0.01,10,0.3,0.8,1000
5,100,0.5,1,0.5,0.01,10,0.3,0.8,1000
5,500,0.5,1,0.5,0.01,10,0.3,0.8,1000
5,1000,0.5,1,0.5,0.01,10,0.3,0.8,1000
5,100,1,1,0.5,0.01,10,0.3,0.8,1000
5,500,1,1,0.5,0.01,10,0.3,0.8,1000
5,1000,1,1,0.5,0.01,10,0.3,0.8,1000
5,100,0.5,0.5,1,0.01,10,0.3,0.8,1000
5,500,0.5,0.5,1,0.01,10,0.3,0.8,1000
5,1000,0.5,0.5,1,0.01,10,0.3,0.8,1000
5,100,1,0.5,1,0.01,10,0.3,0.8,1000
5,500,1,0.5,1,0.01,10,0.3,0.8,1000
5,1000,1,0.5,1,0.01,10,0.3,0.8,1000
5,100,0.5,1,1,0.01,10,0.3,0.8,1000
5,500,0.5,1,1,0.01,10,0.3,0.8,1000
5,1000,0.5,1,1,0.01,10,0.3,0.8,1000
5,100,1,1,1,0.01,10,0.3,0.8,1000
5,500,1,1,1,0.01,10,0.3,0.8,1000
5,1000,1,1,1,0.01,10,0.3,0.8,1000
5,100,0.5,0.5,0.5,0.01,Inf,0.3,0.8,1000
5,500,0.5,0.5,0.5,0.01,Inf,0.3,0.8,1000
5,1000,0.5,0.5,0.5,0.01,Inf,0.3,0.8,1000
5,100,1,0.5,0.5,0.01,Inf,0.3,0.8,1000
5,500,1,0.5,0.5,0.01,Inf,0.3,0.8,1000
5,1000,1,0.5,0.5,0.01,Inf,0.3,0.8,1000
5,100,0.5,1,0.5,0.01,Inf,0.3,0.8,1000
5,500,0.5,1,0.5,0.01,Inf,0.3,0.8,1000
5,1000,0.5,1,0.5,0.01,Inf,0.3,0.8,1000
5,100,1,1,0.5,0.01,Inf,0.3,0.8,1000
5,500,1,1,0.5,0.01,Inf,0.3,0.8,1000
5,1000,1,1,0.5,0.01,Inf,0.3,0.8,1000
5,100,0.5,0.5,1,0.01,Inf,0.3,0.8,1000
5,500,0.5,0.5,1,0.01,Inf,0.3,0.8,1000
5,1000,0.5,0.5,1,0.01,Inf,0.3,0.8,1000
5,100,1,0.5,1,0.01,Inf,0.3,0.8,1000
5,500,1,0.5,1,0.01,Inf,0.3,0.8,1000
5,1000,1,0.5,1,0.01,Inf,0.3,0.8,1000
5,100,0.5,1,1,0.01,Inf,0.3,0.8,1000
5,500,0.5,1,1,0.01,Inf,0.3,0.8,1000
5,1000,0.5,1,1,0.01,Inf,0.3,0.8,1000
5,100,1,1,1,0.01,Inf,0.3,0.8,1000
5,500,1,1,1,0.01,Inf,0.3,0.8,1000
5,1000,1,1,1,0.01,Inf,0.3,0.8,1000
5,100,0.5,0.5,0.5,0.01,10,0.5,0.8,1000
5,500,0.5,0.5,0.5,0.01,10,0.5,0.8,1000
5,1000,0.5,0.5,0.5,0.01,10,0.5,0.8,1000
5,100,1,0.5,0.5,0.01,10,0.5,0.8,1000
5,500,1,0.5,0.5,0.01,10,0.5,0.8,1000
5,1000,1,0.5,0.5,0.01,10,0.5,0.8,1000
5,100,0.5,1,0.5,0.01,10,0.5,0.8,1000
5,500,0.5,1,0.5,0.01,10,0.5,0.8,1000
5,1000,0.5,1,0.5,0.01,10,0.5,0.8,1000
5,100,1,1,0.5,0.01,10,0.5,0.8,1000
5,500,1,1,0.5,0.01,10,0.5,0.8,1000
5,1000,1,1,0.5,0.01,10,0.5,0.8,1000
5,100,0.5,0.5,1,0.01,10,0.5,0.8,1000
5,500,0.5,0.5,1,0.01,10,0.5,0.8,1000
5,1000,0.5,0.5,1,0.01,10,0.5,0.8,1000
5,100,1,0.5,1,0.01,10,0.5,0.8,1000
5,500,1,0.5,1,0.01,10,0.5,0.8,1000
5,1000,1,0.5,1,0.01,10,0.5,0.8,1000
5,100,0.5,1,1,0.01,10,0.5,0.8,1000
5,500,0.5,1,1,0.01,10,0.5,0.8,1000
5,1000,0.5,1,1,0.01,10,0.5,0.8,1000
5,100,1,1,1,0.01,10,0.5,0.8,1000
5,500,1,1,1,0.01,10,0.5,0.8,1000
5,1000,1,1,1,0.01,10,0.5,0.8,1000
5,100,0.5,0.5,0.5,0.01,Inf,0.5,0.8,1000
5,500,0.5,0.5,0.5,0.01,Inf,0.5,0.8,1000
5,1000,0.5,0.5,0.5,0.01,Inf,0.5,0.8,1000
5,100,1,0.5,0.5,0.01,Inf,0.5,0.8,1000
5,500,1,0.5,0.5,0.01,Inf,0.5,0.8,1000
5,1000,1,0.5,0.5,0.01,Inf,0.5,0.8,1000
5,100,0.5,1,0.5,0.01,Inf,0.5,0.8,1000
5,500,0.5,1,0.5,0.01,Inf,0.5,0.8,1000
5,1000,0.5,1,0.5,0.01,Inf,0.5,0.8,1000
5,100,1,1,0.5,0.01,Inf,0.5,0.8,1000
5,500,1,1,0.5,0.01,Inf,0.5,0.8,1000
5,1000,1,1,0.5,0.01,Inf,0.5,0.8,1000
5,100,0.5,0.5,1,0.01,Inf,0.5,0.8,1000
5,500,0.5,0.5,1,0.01,Inf,0.5,0.8,1000
5,1000,0.5,0.5,1,0.01,Inf,0.5,0.8,1000
5,100,1,0.5,1,0.01,Inf,0.5,0.8,1000
5,500,1,0.5,1,0.01,Inf,0.5,0.8,1000
5,1000,1,0.5,1,0.01,Inf,0.5,0.8,1000
5,100,0.5,1,1,0.01,Inf,0.5,0.8,1000
5,500,0.5,1,1,0.01,Inf,0.5,0.8,1000
5,1000,0.5,1,1,0.01,Inf,0.5,0.8,1000
5,100,1,1,1,0.01,Inf,0.5,0.8,1000
5,500,1,1,1,0.01,Inf,0.5,0.8,1000
5,1000,1,1,1,0.01,Inf,0.5,0.8,1000
5,100,0.5,0.5,0.5,0.01,10,0,0.9,1000
5,500,0.5,0.5,0.5,0.01,10,0,0.9,1000
5,1000,0.5,0.5,0.5,0.01,10,0,0.9,1000
5,100,1,0.5,0.5,0.01,10,0,0.9,1000
5,500,1,0.5,0.5,0.01,10,0,0.9,1000
5,1000,1,0.5,0.5,0.01,10,0,0.9,1000
5,100,0.5,1,0.5,0.01,10,0,0.9,1000
5,500,0.5,1,0.5,0.01,10,0,0.9,1000
5,1000,0.5,1,0.5,0.01,10,0,0.9,1000
5,100,1,1,0.5,0.01,10,0,0.9,1000
5,500,1,1,0.5,0.01,10,0,0.9,1000
5,1000,1,1,0.5,0.01,10,0,0.9,1000
5,100,0.5,0.5,1,0.01,10,0,0.9,1000
5,500,0.5,0.5,1,0.01,10,0,0.9,1000
5,1000,0.5,0.5,1,0.01,10,0,0.9,1000
5,100,1,0.5,1,0.01,10,0,0.9,1000
5,500,1,0.5,1,0.01,10,0,0.9,1000
5,1000,1,0.5,1,0.01,10,0,0.9,1000
5,100,0.5,1,1,0.01,10,0,0.9,1000
5,500,0.5,1,1,0.01,10,0,0.9,1000
5,1000,0.5,1,1,0.01,10,0,0.9,1000
5,100,1,1,1,0.01,10,0,0.9,1000
5,500,1,1,1,0.01,10,0,0.9,1000
5,1000,1,1,1,0.01,10,0,0.9,1000
5,100,0.5,0.5,0.5,0.01,Inf,0,0.9,1000
5,500,0.5,0.5,0.5,0.01,Inf,0,0.9,1000
5,1000,0.5,0.5,0.5,0.01,Inf,0,0.9,1000
5,100,1,0.5,0.5,0.01,Inf,0,0.9,1000
5,500,1,0.5,0.5,0.01,Inf,0,0.9,1000
5,1000,1,0.5,0.5,0.01,Inf,0,0.9,1000
5,100,0.5,1,0.5,0.01,Inf,0,0.9,1000
5,500,0.5,1,0.5,0.01,Inf,0,0.9,1000
5,1000,0.5,1,0.5,0.01,Inf,0,0.9,1000
5,100,1,1,0.5,0.01,Inf,0,0.9,1000
5,500,1,1,0.5,0.01,Inf,0,0.9,1000
5,1000,1,1,0.5,0.01,Inf,0,0.9,1000
5,100,0.5,0.5,1,0.01,Inf,0,0.9,1000
5,500,0.5,0.5,1,0.01,Inf,0,0.9,1000
5,1000,0.5,0.5,1,0.01,Inf,0,0.9,1000
5,100,1,0.5,1,0.01,Inf,0,0.9,1000
5,500,1,0.5,1,0.01,Inf,0,0.9,1000
5,1000,1,0.5,1,0.01,Inf,0,0.9,1000
5,100,0.5,1,1,0.01,Inf,0,0.9,1000
5,500,0.5,1,1,0.01,Inf,0,0.9,1000
5,1000,0.5,1,1,0.01,Inf,0,0.9,1000
5,100,1,1,1,0.01,Inf,0,0.9,1000
5,500,1,1,1,0.01,Inf,0,0.9,1000
5,1000,1,1,1,0.01,Inf,0,0.9,1000
5,100,0.5,0.5,0.5,0.01,10,0.1,0.9,1000
5,500,0.5,0.5,0.5,0.01,10,0.1,0.9,1000
5,1000,0.5,0.5,0.5,0.01,10,0.1,0.9,1000
5,100,1,0.5,0.5,0.01,10,0.1,0.9,1000
5,500,1,0.5,0.5,0.01,10,0.1,0.9,1000
5,1000,1,0.5,0.5,0.01,10,0.1,0.9,1000
5,100,0.5,1,0.5,0.01,10,0.1,0.9,1000
5,500,0.5,1,0.5,0.01,10,0.1,0.9,1000
5,1000,0.5,1,0.5,0.01,10,0.1,0.9,1000
5,100,1,1,0.5,0.01,10,0.1,0.9,1000
5,500,1,1,0.5,0.01,10,0.1,0.9,1000
5,1000,1,1,0.5,0.01,10,0.1,0.9,1000
5,100,0.5,0.5,1,0.01,10,0.1,0.9,1000
5,500,0.5,0.5,1,0.01,10,0.1,0.9,1000
5,1000,0.5,0.5,1,0.01,10,0.1,0.9,1000
5,100,1,0.5,1,0.01,10,0.1,0.9,1000
5,500,1,0.5,1,0.01,10,0.1,0.9,1000
5,1000,1,0.5,1,0.01,10,0.1,0.9,1000
5,100,0.5,1,1,0.01,10,0.1,0.9,1000
5,500,0.5,1,1,0.01,10,0.1,0.9,1000
5,1000,0.5,1,1,0.01,10,0.1,0.9,1000
5,100,1,1,1,0.01,10,0.1,0.9,1000
5,500,1,1,1,0.01,10,0.1,0.9,1000
5,1000,1,1,1,0.01,10,0.1,0.9,1000
5,100,0.5,0.5,0.5,0.01,Inf,0.1,0.9,1000
5,500,0.5,0.5,0.5,0.01,Inf,0.1,0.9,1000
5,1000,0.5,0.5,0.5,0.01,Inf,0.1,0.9,1000
5,100,1,0.5,0.5,0.01,Inf,0.1,0.9,1000
5,500,1,0.5,0.5,0.01,Inf,0.1,0.9,1000
5,1000,1,0.5,0.5,0.01,Inf,0.1,0.9,1000
5,100,0.5,1,0.5,0.01,Inf,0.1,0.9,1000
5,500,0.5,1,0.5,0.01,Inf,0.1,0.9,1000
5,1000,0.5,1,0.5,0.01,Inf,0.1,0.9,1000
5,100,1,1,0.5,0.01,Inf,0.1,0.9,1000
5,500,1,1,0.5,0.01,Inf,0.1,0.9,1000
5,1000,1,1,0.5,0.01,Inf,0.1,0.9,1000
5,100,0.5,0.5,1,0.01,Inf,0.1,0.9,1000
5,500,0.5,0.5,1,0.01,Inf,0.1,0.9,1000
5,1000,0.5,0.5,1,0.01,Inf,0.1,0.9,1000
5,100,1,0.5,1,0.01,Inf,0.1,0.9,1000
5,500,1,0.5,1,0.01,Inf,0.1,0.9,1000
5,1000,1,0.5,1,0.01,Inf,0.1,0.9,1000
5,100,0.5,1,1,0.01,Inf,0.1,0.9,1000
5,500,0.5,1,1,0.01,Inf,0.1,0.9,1000
5,1000,0.5,1,1,0.01,Inf,0.1,0.9,1000
5,100,1,1,1,0.01,Inf,0.1,0.9,1000
5,500,1,1,1,0.01,Inf,0.1,0.9,1000
5,1000,1,1,1,0.01,Inf,0.1,0.9,1000
5,100,0.5,0.5,0.5,0.01,10,0.3,0.9,1000
5,500,0.5,0.5,0.5,0.01,10,0.3,0.9,1000
5,1000,0.5,0.5,0.5,0.01,10,0.3,0.9,1000
5,100,1,0.5,0.5,0.01,10,0.3,0.9,1000
5,500,1,0.5,0.5,0.01,10,0.3,0.9,1000
5,1000,1,0.5,0.5,0.01,10,0.3,0.9,1000
5,100,0.5,1,0.5,0.01,10,0.3,0.9,1000
5,500,0.5,1,0.5,0.01,10,0.3,0.9,1000
5,1000,0.5,1,0.5,0.01,10,0.3,0.9,1000
5,100,1,1,0.5,0.01,10,0.3,0.9,1000
5,500,1,1,0.5,0.01,10,0.3,0.9,1000
5,1000,1,1,0.5,0.01,10,0.3,0.9,1000
5,100,0.5,0.5,1,0.01,10,0.3,0.9,1000
5,500,0.5,0.5,1,0.01,10,0.3,0.9,1000
5,1000,0.5,0.5,1,0.01,10,0.3,0.9,1000
5,100,1,0.5,1,0.01,10,0.3,0.9,1000
5,500,1,0.5,1,0.01,10,0.3,0.9,1000
5,1000,1,0.5,1,0.01,10,0.3,0.9,1000
5,100,0.5,1,1,0.01,10,0.3,0.9,1000
5,500,0.5,1,1,0.01,10,0.3,0.9,1000
5,1000,0.5,1,1,0.01,10,0.3,0.9,1000
5,100,1,1,1,0.01,10,0.3,0.9,1000
5,500,1,1,1,0.01,10,0.3,0.9,1000
5,1000,1,1,1,0.01,10,0.3,0.9,1000
5,100,0.5,0.5,0.5,0.01,Inf,0.3,0.9,1000
5,500,0.5,0.5,0.5,0.01,Inf,0.3,0.9,1000
5,1000,0.5,0.5,0.5,0.01,Inf,0.3,0.9,1000
5,100,1,0.5,0.5,0.01,Inf,0.3,0.9,1000
5,500,1,0.5,0.5,0.01,Inf,0.3,0.9,1000
5,1000,1,0.5,0.5,0.01,Inf,0.3,0.9,1000
5,100,0.5,1,0.5,0.01,Inf,0.3,0.9,1000
5,500,0.5,1,0.5,0.01,Inf,0.3,0.9,1000
5,1000,0.5,1,0.5,0.01,Inf,0.3,0.9,1000
5,100,1,1,0.5,0.01,Inf,0.3,0.9,1000
5,500,1,1,0.5,0.01,Inf,0.3,0.9,1000
5,1000,1,1,0.5,0.01,Inf,0.3,0.9,1000
5,100,0.5,0.5,1,0.01,Inf,0.3,0.9,1000
5,500,0.5,0.5,1,0.01,Inf,0.3,0.9,1000
5,1000,0.5,0.5,1,0.01,Inf,0.3,0.9,1000
5,100,1,0.5,1,0.01,Inf,0.3,0.9,1000
5,500,1,0.5,1,0.01,Inf,0.3,0.9,1000
5,1000,1,0.5,1,0.01,Inf,0.3,0.9,1000
5,100,0.5,1,1,0.01,Inf,0.3,0.9,1000
5,500,0.5,1,1,0.01,Inf,0.3,0.9,1000
5,1000,0.5,1,1,0.01,Inf,0.3,0.9,1000
5,100,1,1,1,0.01,Inf,0.3,0.9,1000
5,500,1,1,1,0.01,Inf,0.3,0.9,1000
5,1000,1,1,1,0.01,Inf,0.3,0.9,1000
5,100,0.5,0.5,0.5,0.01,10,0.5,0.9,1000
5,500,0.5,0.5,0.5,0.01,10,0.5,0.9,1000
5,1000,0.5,0.5,0.5,0.01,10,0.5,0.9,1000
5,100,1,0.5,0.5,0.01,10,0.5,0.9,1000
5,500,1,0.5,0.5,0.01,10,0.5,0.9,1000
5,1000,1,0.5,0.5,0.01,10,0.5,0.9,1000
5,100,0.5,1,0.5,0.01,10,0.5,0.9,1000
5,500,0.5,1,0.5,0.01,10,0.5,0.9,1000
5,1000,0.5,1,0.5,0.01,10,0.5,0.9,1000
5,100,1,1,0.5,0.01,10,0.5,0.9,1000
5,500,1,1,0.5,0.01,10,0.5,0.9,1000
5,1000,1,1,0.5,0.01,10,0.5,0.9,1000
5,100,0.5,0.5,1,0.01,10,0.5,0.9,1000
5,500,0.5,0.5,1,0.01,10,0.5,0.9,1000
5,1000,0.5,0.5,1,0.01,10,0.5,0.9,1000
5,100,1,0.5,1,0.01,10,0.5,0.9,1000
5,500,1,0.5,1,0.01,10,0.5,0.9,1000
5,1000,1,0.5,1,0.01,10,0.5,0.9,1000
5,100,0.5,1,1,0.01,10,0.5,0.9,1000
5,500,0.5,1,1,0.01,10,0.5,0.9,1000
5,1000,0.5,1,1,0.01,10,0.5,0.9,1000
5,100,1,1,1,0.01,10,0.5,0.9,1000
5,500,1,1,1,0.01,10,0.5,0.9,1000
5,1000,1,1,1,0.01,10,0.5,0.9,1000
5,100,0.5,0.5,0.5,0.01,Inf,0.5,0.9,1000
5,500,0.5,0.5,0.5,0.01,Inf,0.5,0.9,1000
5,1000,0.5,0.5,0.5,0.01,Inf,0.5,0.9,1000
5,100,1,0.5,0.5,0.01,Inf,0.5,0.9,1000
5,500,1,0.5,0.5,0.01,Inf,0.5,0.9,1000
5,1000,1,0.5,0.5,0.01,Inf,0.5,0.9,1000
5,100,0.5,1,0.5,0.01,Inf,0.5,0.9,1000
5,500,0.5,1,0.5,0.01,Inf,0.5,0.9,1000
5,1000,0.5,1,0.5,0.01,Inf,0.5,0.9,1000
5,100,1,1,0.5,0.01,Inf,0.5,0.9,1000
5,500,1,1,0.5,0.01,Inf,0.5,0.9,1000
5,1000,1,1,0.5,0.01,Inf,0.5,0.9,1000
5,100,0.5,0.5,1,0.01,Inf,0.5,0.9,1000
5,500,0.5,0.5,1,0.01,Inf,0.5,0.9,1000
5,1000,0.5,0.5,1,0.01,Inf,0.5,0.9,1000
5,100,1,0.5,1,0.01,Inf,0.5,0.9,1000
5,500,1,0.5,1,0.01,Inf,0.5,0.9,1000
5,1000,1,0.5,1,0.01,Inf,0.5,0.9,1000
5,100,0.5,1,1,0.01,Inf,0.5,0.9,1000
5,500,0.5,1,1,0.01,Inf,0.5,0.9,1000
5,1000,0.5,1,1,0.01,Inf,0.5,0.9,1000
5,100,1,1,1,0.01,Inf,0.5,0.9,1000
5,500,1,1,1,0.01,Inf,0.5,0.9,1000
5,1000,1,1,1,0.01,Inf,0.5,0.9,1000
5,100,0.5,0.5,0.5,0.01,10,0,1,1000
5,500,0.5,0.5,0.5,0.01,10,0,1,1000
5,1000,0.5,0.5,0.5,0.01,10,0,1,1000
5,100,1,0.5,0.5,0.01,10,0,1,1000
5,500,1,0.5,0.5,0.01,10,0,1,1000
5,1000,1,0.5,0.5,0.01,10,0,1,1000
5,100,0.5,1,0.5,0.01,10,0,1,1000
5,500,0.5,1,0.5,0.01,10,0,1,1000
5,1000,0.5,1,0.5,0.01,10,0,1,1000
5,100,1,1,0.5,0.01,10,0,1,1000
5,500,1,1,0.5,0.01,10,0,1,1000
5,1000,1,1,0.5,0.01,10,0,1,1000
5,100,0.5,0.5,1,0.01,10,0,1,1000
5,500,0.5,0.5,1,0.01,10,0,1,1000
5,1000,0.5,0.5,1,0.01,10,0,1,1000
5,100,1,0.5,1,0.01,10,0,1,1000
5,500,1,0.5,1,0.01,10,0,1,1000
5,1000,1,0.5,1,0.01,10,0,1,1000
5,100,0.5,1,1,0.01,10,0,1,1000
5,500,0.5,1,1,0.01,10,0,1,1000
5,1000,0.5,1,1,0.01,10,0,1,1000
5,100,1,1,1,0.01,10,0,1,1000
5,500,1,1,1,0.01,10,0,1,1000
5,1000,1,1,1,0.01,10,0,1,1000
5,100,0.5,0.5,0.5,0.01,Inf,0,1,1000
5,500,0.5,0.5,0.5,0.01,Inf,0,1,1000
5,1000,0.5,0.5,0.5,0.01,Inf,0,1,1000
5,100,1,0.5,0.5,0.01,Inf,0,1,1000
5,500,1,0.5,0.5,0.01,Inf,0,1,1000
5,1000,1,0.5,0.5,0.01,Inf,0,1,1000
5,100,0.5,1,0.5,0.01,Inf,0,1,1000
5,500,0.5,1,0.5,0.01,Inf,0,1,1000
5,1000,0.5,1,0.5,0.01,Inf,0,1,1000
5,100,1,1,0.5,0.01,Inf,0,1,1000
5,500,1,1,0.5,0.01,Inf,0,1,1000
5,1000,1,1,0.5,0.01,Inf,0,1,1000
5,100,0.5,0.5,1,0.01,Inf,0,1,1000
5,500,0.5,0.5,1,0.01,Inf,0,1,1000
5,1000,0.5,0.5,1,0.01,Inf,0,1,1000
5,100,1,0.5,1,0.01,Inf,0,1,1000
5,500,1,0.5,1,0.01,Inf,0,1,1000
5,1000,1,0.5,1,0.01,Inf,0,1,1000
5,100,0.5,1,1,0.01,Inf,0,1,1000
5,500,0.5,1,1,0.01,Inf,0,1,1000
5,1000,0.5,1,1,0.01,Inf,0,1,1000
5,100,1,1,1,0.01,Inf,0,1,1000
5,500,1,1,1,0.01,Inf,0,1,1000
5,1000,1,1,1,0.01,Inf,0,1,1000
5,100,0.5,0.5,0.5,0.01,10,0.1,1,1000
5,500,0.5,0.5,0.5,0.01,10,0.1,1,1000
5,1000,0.5,0.5,0.5,0.01,10,0.1,1,1000
5,100,1,0.5,0.5,0.01,10,0.1,1,1000
5,500,1,0.5,0.5,0.01,10,0.1,1,1000
5,1000,1,0.5,0.5,0.01,10,0.1,1,1000
5,100,0.5,1,0.5,0.01,10,0.1,1,1000
5,500,0.5,1,0.5,0.01,10,0.1,1,1000
5,1000,0.5,1,0.5,0.01,10,0.1,1,1000
5,100,1,1,0.5,0.01,10,0.1,1,1000
5,500,1,1,0.5,0.01,10,0.1,1,1000
5,1000,1,1,0.5,0.01,10,0.1,1,1000
5,100,0.5,0.5,1,0.01,10,0.1,1,1000
5,500,0.5,0.5,1,0.01,10,0.1,1,1000
5,1000,0.5,0.5,1,0.01,10,0.1,1,1000
5,100,1,0.5,1,0.01,10,0.1,1,1000
5,500,1,0.5,1,0.01,10,0.1,1,1000
5,1000,1,0.5,1,0.01,10,0.1,1,1000
5,100,0.5,1,1,0.01,10,0.1,1,1000
5,500,0.5,1,1,0.01,10,0.1,1,1000
5,1000,0.5,1,1,0.01,10,0.1,1,1000
5,100,1,1,1,0.01,10,0.1,1,1000
5,500,1,1,1,0.01,10,0.1,1,1000
5,1000,1,1,1,0.01,10,0.1,1,1000
5,100,0.5,0.5,0.5,0.01,Inf,0.1,1,1000
5,500,0.5,0.5,0.5,0.01,Inf,0.1,1,1000
5,1000,0.5,0.5,0.5,0.01,Inf,0.1,1,1000
5,100,1,0.5,0.5,0.01,Inf,0.1,1,1000
5,500,1,0.5,0.5,0.01,Inf,0.1,1,1000
5,1000,1,0.5,0.5,0.01,Inf,0.1,1,1000
5,100,0.5,1,0.5,0.01,Inf,0.1,1,1000
5,500,0.5,1,0.5,0.01,Inf,0.1,1,1000
5,1000,0.5,1,0.5,0.01,Inf,0.1,1,1000
5,100,1,1,0.5,0.01,Inf,0.1,1,1000
5,500,1,1,0.5,0.01,Inf,0.1,1,1000
5,1000,1,1,0.5,0.01,Inf,0.1,1,1000
5,100,0.5,0.5,1,0.01,Inf,0.1,1,1000
5,500,0.5,0.5,1,0.01,Inf,0.1,1,1000
5,1000,0.5,0.5,1,0.01,Inf,0.1,1,1000
5,100,1,0.5,1,0.01,Inf,0.1,1,1000
5,500,1,0.5,1,0.01,Inf,0.1,1,1000
5,1000,1,0.5,1,0.01,Inf,0.1,1,1000
5,100,0.5,1,1,0.01,Inf,0.1,1,1000
5,500,0.5,1,1,0.01,Inf,0.1,1,1000
5,1000,0.5,1,1,0.01,Inf,0.1,1,1000
5,100,1,1,1,0.01,Inf,0.1,1,1000
5,500,1,1,1,0.01,Inf,0.1,1,1000
5,1000,1,1,1,0.01,Inf,0.1,1,1000
5,100,0.5,0.5,0.5,0.01,10,0.3,1,1000
5,500,0.5,0.5,0.5,0.01,10,0.3,1,1000
5,1000,0.5,0.5,0.5,0.01,10,0.3,1,1000
5,100,1,0.5,0.5,0.01,10,0.3,1,1000
5,500,1,0.5,0.5,0.01,10,0.3,1,1000
5,1000,1,0.5,0.5,0.01,10,0.3,1,1000
5,100,0.5,1,0.5,0.01,10,0.3,1,1000
5,500,0.5,1,0.5,0.01,10,0.3,1,1000
5,1000,0.5,1,0.5,0.01,10,0.3,1,1000
5,100,1,1,0.5,0.01,10,0.3,1,1000
5,500,1,1,0.5,0.01,10,0.3,1,1000
5,1000,1,1,0.5,0.01,10,0.3,1,1000
5,100,0.5,0.5,1,0.01,10,0.3,1,1000
5,500,0.5,0.5,1,0.01,10,0.3,1,1000
5,1000,0.5,0.5,1,0.01,10,0.3,1,1000
5,100,1,0.5,1,0.01,10,0.3,1,1000
5,500,1,0.5,1,0.01,10,0.3,1,1000
5,1000,1,0.5,1,0.01,10,0.3,1,1000
5,100,0.5,1,1,0.01,10,0.3,1,1000
5,500,0.5,1,1,0.01,10,0.3,1,1000
5,1000,0.5,1,1,0.01,10,0.3,1,1000
5,100,1,1,1,0.01,10,0.3,1,1000
5,500,1,1,1,0.01,10,0.3,1,1000
5,1000,1,1,1,0.01,10,0.3,1,1000
5,100,0.5,0.5,0.5,0.01,Inf,0.3,1,1000
5,500,0.5,0.5,0.5,0.01,Inf,0.3,1,1000
5,1000,0.5,0.5,0.5,0.01,Inf,0.3,1,1000
5,100,1,0.5,0.5,0.01,Inf,0.3,1,1000
5,500,1,0.5,0.5,0.01,Inf,0.3,1,1000
5,1000,1,0.5,0.5,0.01,Inf,0.3,1,1000
5,100,0.5,1,0.5,0.01,Inf,0.3,1,1000
5,500,0.5,1,0.5,0.01,Inf,0.3,1,1000
5,1000,0.5,1,0.5,0.01,Inf,0.3,1,1000
5,100,1,1,0.5,0.01,Inf,0.3,1,1000
5,500,1,1,0.5,0.01,Inf,0.3,1,1000
5,1000,1,1,0.5,0.01,Inf,0.3,1,1000
5,100,0.5,0.5,1,0.01,Inf,0.3,1,1000
5,500,0.5,0.5,1,0.01,Inf,0.3,1,1000
5,1000,0.5,0.5,1,0.01,Inf,0.3,1,1000
5,100,1,0.5,1,0.01,Inf,0.3,1,1000
5,500,1,0.5,1,0.01,Inf,0.3,1,1000
5,1000,1,0.5,1,0.01,Inf,0.3,1,1000
5,100,0.5,1,1,0.01,Inf,0.3,1,1000
5,500,0.5,1,1,0.01,Inf,0.3,1,1000
5,1000,0.5,1,1,0.01,Inf,0.3,1,1000
5,100,1,1,1,0.01,Inf,0.3,1,1000
5,500,1,1,1,0.01,Inf,0.3,1,1000
5,1000,1,1,1,0.01,Inf,0.3,1,1000
5,100,0.5,0.5,0.5,0.01,10,0.5,1,1000
5,500,0.5,0.5,0.5,0.01,10,0.5,1,1000
5,1000,0.5,0.5,0.5,0.01,10,0.5,1,1000
5,100,1,0.5,0.5,0.01,10,0.5,1,1000
5,500,1,0.5,0.5,0.01,10,0.5,1,1000
5,1000,1,0.5,0.5,0.01,10,0.5,1,1000
5,100,0.5,1,0.5,0.01,10,0.5,1,1000
5,500,0.5,1,0.5,0.01,10,0.5,1,1000
5,1000,0.5,1,0.5,0.01,10,0.5,1,1000
5,100,1,1,0.5,0.01,10,0.5,1,1000
5,500,1,1,0.5,0.01,10,0.5,1,1000
5,1000,1,1,0.5,0.01,10,0.5,1,1000
5,100,0.5,0.5,1,0.01,10,0.5,1,1000
5,500,0.5,0.5,1,0.01,10,0.5,1,1000
5,1000,0.5,0.5,1,0.01,10,0.5,1,1000
5,100,1,0.5,1,0.01,10,0.5,1,1000
5,500,1,0.5,1,0.01,10,0.5,1,1000
5,1000,1,0.5,1,0.01,10,0.5,1,1000
5,100,0.5,1,1,0.01,10,0.5,1,1000
5,500,0.5,1,1,0.01,10,0.5,1,1000
5,1000,0.5,1,1,0.01,10,0.5,1,1000
5,100,1,1,1,0.01,10,0.5,1,1000
5,500,1,1,1,0.01,10,0.5,1,1000
5,1000,1,1,1,0.01,10,0.5,1,1000
5,100,0.5,0.5,0.5,0.01,Inf,0.5,1,1000
5,500,0.5,0.5,0.5,0.01,Inf,0.5,1,1000
5,1000,0.5,0.5,0.5,0.01,Inf,0.5,1,1000
5,100,1,0.5,0.5,0.01,Inf,0.5,1,1000
5,500,1,0.5,0.5,0.01,Inf,0.5,1,1000
5,1000,1,0.5,0.5,0.01,Inf,0.5,1,1000
5,100,0.5,1,0.5,0.01,Inf,0.5,1,1000
5,500,0.5,1,0.5,0.01,Inf,0.5,1,1000
5,1000,0.5,1,0.5,0.01,Inf,0.5,1,1000
5,100,1,1,0.5,0.01,Inf,0.5,1,1000
5,500,1,1,0.5,0.01,Inf,0.5,1,1000
5,1000,1,1,0.5,0.01,Inf,0.5,1,1000
5,100,0.5,0.5,1,0.01,Inf,0.5,1,1000
5,500,0.5,0.5,1,0.01,Inf,0.5,1,1000
5,1000,0.5,0.5,1,0.01,Inf,0.5,1,1000
5,100,1,0.5,1,0.01,Inf,0.5,1,1000
5,500,1,0.5,1,0.01,Inf,0.5,1,1000
5,1000,1,0.5,1,0.01,Inf,0.5,1,1000
5,100,0.5,1,1,0.01,Inf,0.5,1,1000
5,500,0.5,1,1,0.01,Inf,0.5,1,1000
5,1000,0.5,1,1,0.01,Inf,0.5,1,1000
5,100,1,1,1,0.01,Inf,0.5,1,1000
5,500,1,1,1,0.01,Inf,0.5,1,1000
5,1000,1,1,1,0.01,Inf,0.5,1,1000
